{"cameraMode":{"drawMode":0,"name":"Shaded","section":"Shading Mode"},"sceneLighting":false,"audioPlay":false,"sceneViewState":{"showFog":true,"showMaterialUpdate":false,"showSkybox":true,"showFlares":true,"showImageEffects":true,"showParticleSystems":true},"in2DMode":false,"pivot":{"x":220.67445373535157,"y":-124.95173645019531,"z":77.3004150390625},"rotation":{"x":0.21407999098300935,"y":0.6333865523338318,"z":-0.18849554657936097,"w":0.7193474769592285},"size":380.81219482421877,"orthographic":false}