{"cameraMode":{"drawMode":0,"name":"Shaded","section":"Shading Mode"},"sceneLighting":true,"audioPlay":false,"sceneViewState":{"showFog":true,"showMaterialUpdate":false,"showSkybox":true,"showFlares":true,"showImageEffects":true,"showParticleSystems":true},"in2DMode":false,"pivot":{"x":-0.9905164241790772,"y":1.2770700454711915,"z":-0.08646917343139649},"rotation":{"x":-0.15850210189819337,"y":-0.04086750000715256,"z":0.00656616035848856,"w":-0.9864907264709473},"size":1.5500178337097169,"orthographic":false}