{"cameraMode":{"drawMode":0,"name":"Shaded","section":"Shading Mode"},"sceneLighting":true,"audioPlay":false,"sceneViewState":{"showFog":true,"showMaterialUpdate":false,"showSkybox":true,"showFlares":true,"showImageEffects":true,"showParticleSystems":true},"in2DMode":false,"pivot":{"x":-3.8362619876861574,"y":-0.9568314552307129,"z":5.27410888671875},"rotation":{"x":-0.12891130149364472,"y":-0.024692513048648835,"z":0.0032108549494296314,"w":-0.9913434386253357},"size":12.371490478515625,"orthographic":false}