{"cameraMode":{"drawMode":0,"name":"Shaded","section":"Shading Mode"},"sceneLighting":true,"audioPlay":false,"sceneViewState":{"showFog":true,"showMaterialUpdate":false,"showSkybox":true,"showFlares":true,"showImageEffects":true,"showParticleSystems":true},"in2DMode":false,"pivot":{"x":1.6317834854125977,"y":-42.59233856201172,"z":-65.19002532958985},"rotation":{"x":-0.00348621211014688,"y":0.9644009470939636,"z":-0.26411473751068118,"w":-0.012731158174574376},"size":142.7317352294922,"orthographic":false}